fingerprint	commit	path	rule	class	evidence
47ff3beb1fcd9045f6dd3ce51dfd33be0734cf7a:tests/test_row1005_dynamic_path_mtu_discovery_pmtu_tcp_mss_clamping_sentry.py:generic-api-key:202	47ff3beb1fcd9045f6dd3ce51dfd33be0734cf7a	tests/test_row1005_dynamic_path_mtu_discovery_pmtu_tcp_mss_clamping_sentry.py	generic-api-key	FIXTURE	base64 decodes to a repeated 10-char ASCII word
d4e883a75a775193ee9d962f5e8b3f2566b927e8:tests/test_row1005_dynamic_path_mtu_discovery_pmtu_tcp_mss_clamping_sentry.py:generic-api-key:202	d4e883a75a775193ee9d962f5e8b3f2566b927e8	tests/test_row1005_dynamic_path_mtu_discovery_pmtu_tcp_mss_clamping_sentry.py	generic-api-key	FIXTURE	base64 decodes to a repeated 10-char ASCII word
ecf0edb3dd92768b25ef33e5de6bd764069530af:tests/test_row1005_dynamic_path_mtu_discovery_pmtu_tcp_mss_clamping_sentry.py:generic-api-key:202	ecf0edb3dd92768b25ef33e5de6bd764069530af	tests/test_row1005_dynamic_path_mtu_discovery_pmtu_tcp_mss_clamping_sentry.py	generic-api-key	FIXTURE	base64 decodes to a repeated 10-char ASCII word
df488b1869ffdf9091c1a69c75283217e7fed94d:tests/test_row1005_dynamic_path_mtu_discovery_pmtu_tcp_mss_clamping_sentry.py:generic-api-key:202	df488b1869ffdf9091c1a69c75283217e7fed94d	tests/test_row1005_dynamic_path_mtu_discovery_pmtu_tcp_mss_clamping_sentry.py	generic-api-key	FIXTURE	base64 decodes to a repeated 10-char ASCII word
422e8212d9e7319962bd8fa6b0b359906bc47212:tests/test_row1078_network_event_log_reduction.py:jwt:383	422e8212d9e7319962bd8fa6b0b359906bc47212	tests/test_row1078_network_event_log_reduction.py	jwt	FIXTURE	jwt HS256 signature segment is 20 chars; a real HS256 MAC is 43 -> cannot verify, never issued
4313b1802f767e6b824265059a326a70b3c5680d:tests/test_row1078_network_event_log_reduction.py:jwt:383	4313b1802f767e6b824265059a326a70b3c5680d	tests/test_row1078_network_event_log_reduction.py	jwt	FIXTURE	jwt HS256 signature segment is 20 chars; a real HS256 MAC is 43 -> cannot verify, never issued
890fab46b95659010d5e1515c48e0104c4d8bb4a:frontend/src/routes/SiteSettings.captchaDisclosure.test.tsx:generic-api-key:112	890fab46b95659010d5e1515c48e0104c4d8bb4a	frontend/src/routes/SiteSettings.captchaDisclosure.test.tsx	generic-api-key	FIXTURE	fixture value: marker(s) row395 + sequence/repeat filler make up the value; 0 other chars of 15
4cd7fc2636a92cefcb2821ca918e58d81223f5f3:frontend/src/routes/Integrations.secretsUsage.test.tsx:generic-api-key:52	4cd7fc2636a92cefcb2821ca918e58d81223f5f3	frontend/src/routes/Integrations.secretsUsage.test.tsx	generic-api-key	FIXTURE	fixture value: marker(s) row553,synthetic + sequence/repeat filler make up the value; 1 other chars of 22
4cd7fc2636a92cefcb2821ca918e58d81223f5f3:frontend/src/routes/Integrations.secretsUsage.test.tsx:generic-api-key:53	4cd7fc2636a92cefcb2821ca918e58d81223f5f3	frontend/src/routes/Integrations.secretsUsage.test.tsx	generic-api-key	FIXTURE	fixture value: marker(s) row553,synthetic + sequence/repeat filler make up the value; 1 other chars of 22
c10c689279bb9082b6dd8dd6e6e7a00ce10d5dfa:frontend/src/routes/Integrations.secretsUsage.test.tsx:generic-api-key:50	c10c689279bb9082b6dd8dd6e6e7a00ce10d5dfa	frontend/src/routes/Integrations.secretsUsage.test.tsx	generic-api-key	FIXTURE	fixture value: marker(s) row553,synthetic + sequence/repeat filler make up the value; 1 other chars of 22
c10c689279bb9082b6dd8dd6e6e7a00ce10d5dfa:frontend/src/routes/Integrations.secretsUsage.test.tsx:generic-api-key:51	c10c689279bb9082b6dd8dd6e6e7a00ce10d5dfa	frontend/src/routes/Integrations.secretsUsage.test.tsx	generic-api-key	FIXTURE	fixture value: marker(s) row553,synthetic + sequence/repeat filler make up the value; 1 other chars of 22
31a4b1996a57f77c8770d002f1faabfa1a57586e:frontend/src/routes/SiteSettings.captchaDisclosure.test.tsx:generic-api-key:112	31a4b1996a57f77c8770d002f1faabfa1a57586e	frontend/src/routes/SiteSettings.captchaDisclosure.test.tsx	generic-api-key	FIXTURE	fixture value: marker(s) row395 + sequence/repeat filler make up the value; 0 other chars of 15
2c1e4dd9ab851d6f00f5380e9883a11f04cd682f:bulk_downloader/llm_eval.py:generic-api-key:23	2c1e4dd9ab851d6f00f5380e9883a11f04cd682f	bulk_downloader/llm_eval.py	generic-api-key	FIXTURE	fixture value: marker(s) evalsecret + sequence/repeat filler make up the value; 0 other chars of 31
2c1e4dd9ab851d6f00f5380e9883a11f04cd682f:project-knowledge/bd-log-sanitize:generic-api-key:38	2c1e4dd9ab851d6f00f5380e9883a11f04cd682f	project-knowledge/bd-log-sanitize	generic-api-key	FIXTURE	fixture value: sequence/repeat filler make up the value; 0 other chars of 12
2c1e4dd9ab851d6f00f5380e9883a11f04cd682f:project-knowledge/bd-proxy:generic-api-key:56	2c1e4dd9ab851d6f00f5380e9883a11f04cd682f	project-knowledge/bd-proxy	generic-api-key	FIXTURE	fixture value: sequence/repeat filler make up the value; 3 other chars of 26
2c1e4dd9ab851d6f00f5380e9883a11f04cd682f:project-knowledge/bd-redaction-compiler:generic-api-key:44	2c1e4dd9ab851d6f00f5380e9883a11f04cd682f	project-knowledge/bd-redaction-compiler	generic-api-key	FIXTURE	fixture value: sequence/repeat filler make up the value; 0 other chars of 16
2c1e4dd9ab851d6f00f5380e9883a11f04cd682f:kb/decomp/app_py_F5.1/APP_DECOMP_MAP.json:generic-api-key:76	2c1e4dd9ab851d6f00f5380e9883a11f04cd682f	kb/decomp/app_py_F5.1/APP_DECOMP_MAP.json	generic-api-key	NONSECRET	not a credential: lowercase path segments (route/doc text)
2c1e4dd9ab851d6f00f5380e9883a11f04cd682f:project-knowledge/cap01_witnesses.py:jwt:66	2c1e4dd9ab851d6f00f5380e9883a11f04cd682f	project-knowledge/cap01_witnesses.py	jwt	FIXTURE	jwt HS256 signature segment is 19 chars; a real HS256 MAC is 43 -> cannot verify, never issued
2c1e4dd9ab851d6f00f5380e9883a11f04cd682f:project-knowledge/bd-opv:generic-api-key:835	2c1e4dd9ab851d6f00f5380e9883a11f04cd682f	project-knowledge/bd-opv	generic-api-key	FIXTURE	reviewed (KNOWN): webpush auth of a subscription on reserved push.example.test (RFC 6761); never issued
2c1e4dd9ab851d6f00f5380e9883a11f04cd682f:project-knowledge/bd-opv:generic-api-key:875	2c1e4dd9ab851d6f00f5380e9883a11f04cd682f	project-knowledge/bd-opv	generic-api-key	FIXTURE	reviewed (KNOWN): QR round-trip literal, 17 chars; issued pairing tokens are token_urlsafe(12) = 16 chars, in-memory, TTL-expired
2c1e4dd9ab851d6f00f5380e9883a11f04cd682f:project-knowledge/bd-opv:generic-api-key:926	2c1e4dd9ab851d6f00f5380e9883a11f04cd682f	project-knowledge/bd-opv	generic-api-key	NONSECRET	reviewed (KNOWN): reCAPTCHA site key (data-sitekey): public by design, served in page HTML; the secret key is not in the repo; not a credential
2c1e4dd9ab851d6f00f5380e9883a11f04cd682f:tests/test_ct2_capture_bodies.py:jwt:46	2c1e4dd9ab851d6f00f5380e9883a11f04cd682f	tests/test_ct2_capture_bodies.py	jwt	FIXTURE	jwt HS256 signature segment is 0 chars; a real HS256 MAC is 43 -> cannot verify, never issued
2c1e4dd9ab851d6f00f5380e9883a11f04cd682f:tests/test_dom_analyzer.py:jwt:48	2c1e4dd9ab851d6f00f5380e9883a11f04cd682f	tests/test_dom_analyzer.py	jwt	FIXTURE	jwt HS256 signature segment is 12 chars; a real HS256 MAC is 43 -> cannot verify, never issued
2c1e4dd9ab851d6f00f5380e9883a11f04cd682f:tests/test_phase9_5_audit.py:generic-api-key:81	2c1e4dd9ab851d6f00f5380e9883a11f04cd682f	tests/test_phase9_5_audit.py	generic-api-key	FIXTURE	fixture value: sequence/repeat filler make up the value; 3 other chars of 26
2c1e4dd9ab851d6f00f5380e9883a11f04cd682f:tests/test_phase9_0_exec_contract.py:generic-api-key:179	2c1e4dd9ab851d6f00f5380e9883a11f04cd682f	tests/test_phase9_0_exec_contract.py	generic-api-key	FIXTURE	fixture value: sequence/repeat filler make up the value; 0 other chars of 19
2c1e4dd9ab851d6f00f5380e9883a11f04cd682f:tests/test_phase9_0_exec_contract.py:generic-api-key:188	2c1e4dd9ab851d6f00f5380e9883a11f04cd682f	tests/test_phase9_0_exec_contract.py	generic-api-key	FIXTURE	fixture value: sequence/repeat filler make up the value; 0 other chars of 19
2c1e4dd9ab851d6f00f5380e9883a11f04cd682f:tests/test_phase3_coverage_fills.py:generic-api-key:1112	2c1e4dd9ab851d6f00f5380e9883a11f04cd682f	tests/test_phase3_coverage_fills.py	generic-api-key	FIXTURE	fixture value: sequence/repeat filler make up the value; 0 other chars of 43
2c1e4dd9ab851d6f00f5380e9883a11f04cd682f:tests/test_v3_66_124_oracle_eligibility.py:generic-api-key:82	2c1e4dd9ab851d6f00f5380e9883a11f04cd682f	tests/test_v3_66_124_oracle_eligibility.py	generic-api-key	FIXTURE	fixture value: sequence/repeat filler make up the value; 0 other chars of 20
2c1e4dd9ab851d6f00f5380e9883a11f04cd682f:tests/test_v3_66_132_staged_candidate_autonomy.py:generic-api-key:105	2c1e4dd9ab851d6f00f5380e9883a11f04cd682f	tests/test_v3_66_132_staged_candidate_autonomy.py	generic-api-key	FIXTURE	fixture value: marker(s) sentinel + sequence/repeat filler make up the value; 0 other chars of 15
2c1e4dd9ab851d6f00f5380e9883a11f04cd682f:tests/test_v3_66_151_normalizer.py:generic-api-key:88	2c1e4dd9ab851d6f00f5380e9883a11f04cd682f	tests/test_v3_66_151_normalizer.py	generic-api-key	NONSECRET	not a credential: a DNS hostname
2c1e4dd9ab851d6f00f5380e9883a11f04cd682f:tests/test_v3_66_166_artifact_redaction.py:jwt:37	2c1e4dd9ab851d6f00f5380e9883a11f04cd682f	tests/test_v3_66_166_artifact_redaction.py	jwt	FIXTURE	jwt HS256 signature segment is 18 chars; a real HS256 MAC is 43 -> cannot verify, never issued
2c1e4dd9ab851d6f00f5380e9883a11f04cd682f:tests/test_v3_66_19_phase4_brightcove.py:generic-api-key:35	2c1e4dd9ab851d6f00f5380e9883a11f04cd682f	tests/test_v3_66_19_phase4_brightcove.py	generic-api-key	FIXTURE	reviewed (KNOWN): policy-key prefix concatenated with 'A' * 80 in the test; the used value is a repeated-char pad
2c1e4dd9ab851d6f00f5380e9883a11f04cd682f:tests/test_v3_66_252_dom_excerpt.py:generic-api-key:51	2c1e4dd9ab851d6f00f5380e9883a11f04cd682f	tests/test_v3_66_252_dom_excerpt.py	generic-api-key	FIXTURE	jwt HS256 signature segment is 3 chars; a real HS256 MAC is 43 -> cannot verify, never issued
2c1e4dd9ab851d6f00f5380e9883a11f04cd682f:CHANGELOG.md:generic-api-key:10055	2c1e4dd9ab851d6f00f5380e9883a11f04cd682f	CHANGELOG.md	generic-api-key	NONSECRET	not a credential: lowercase path segments (route/doc text)
2c1e4dd9ab851d6f00f5380e9883a11f04cd682f:tests/test_v3_66_291_redaction_redos.py:jwt:113	2c1e4dd9ab851d6f00f5380e9883a11f04cd682f	tests/test_v3_66_291_redaction_redos.py	jwt	FIXTURE	jwt HS256 signature segment is 14 chars; a real HS256 MAC is 43 -> cannot verify, never issued
2c1e4dd9ab851d6f00f5380e9883a11f04cd682f:tests/test_v3_66_310_site_editor_parity.py:generic-api-key:34	2c1e4dd9ab851d6f00f5380e9883a11f04cd682f	tests/test_v3_66_310_site_editor_parity.py	generic-api-key	FIXTURE	fixture value: sequence/repeat filler make up the value; 0 other chars of 13
2c1e4dd9ab851d6f00f5380e9883a11f04cd682f:tests/test_v3_66_40_audit_idn_hardening.py:generic-api-key:17	2c1e4dd9ab851d6f00f5380e9883a11f04cd682f	tests/test_v3_66_40_audit_idn_hardening.py	generic-api-key	FIXTURE	fixture value: sequence/repeat filler make up the value; 0 other chars of 14
2c1e4dd9ab851d6f00f5380e9883a11f04cd682f:tests/test_v3_66_470_floor_failopen.py:generic-api-key:42	2c1e4dd9ab851d6f00f5380e9883a11f04cd682f	tests/test_v3_66_470_floor_failopen.py	generic-api-key	FIXTURE	fixture value: sequence/repeat filler make up the value; 1 other chars of 25
2c1e4dd9ab851d6f00f5380e9883a11f04cd682f:tests/test_v3_66_680_coverage_gaps.py:jwt:10	2c1e4dd9ab851d6f00f5380e9883a11f04cd682f	tests/test_v3_66_680_coverage_gaps.py	jwt	FIXTURE	jwt HS256 signature segment is 19 chars; a real HS256 MAC is 43 -> cannot verify, never issued
2c1e4dd9ab851d6f00f5380e9883a11f04cd682f:tests/test_v3_66_705_capture_floor_attr_leak.py:jwt:40	2c1e4dd9ab851d6f00f5380e9883a11f04cd682f	tests/test_v3_66_705_capture_floor_attr_leak.py	jwt	FIXTURE	jwt HS256 signature segment is 29 chars; a real HS256 MAC is 43 -> cannot verify, never issued
2c1e4dd9ab851d6f00f5380e9883a11f04cd682f:tests/test_v3_66_704_coverage_gaps.py:jwt:40	2c1e4dd9ab851d6f00f5380e9883a11f04cd682f	tests/test_v3_66_704_coverage_gaps.py	jwt	FIXTURE	jwt HS256 signature segment is 29 chars; a real HS256 MAC is 43 -> cannot verify, never issued
2c1e4dd9ab851d6f00f5380e9883a11f04cd682f:tests/test_v3_66_wave2_input_redaction.py:generic-api-key:26	2c1e4dd9ab851d6f00f5380e9883a11f04cd682f	tests/test_v3_66_wave2_input_redaction.py	generic-api-key	FIXTURE	jwt HS256 signature segment is 0 chars; a real HS256 MAC is 43 -> cannot verify, never issued
2c1e4dd9ab851d6f00f5380e9883a11f04cd682f:toolchain/bin/bd-log-sanitize:generic-api-key:38	2c1e4dd9ab851d6f00f5380e9883a11f04cd682f	toolchain/bin/bd-log-sanitize	generic-api-key	FIXTURE	fixture value: sequence/repeat filler make up the value; 0 other chars of 12
2c1e4dd9ab851d6f00f5380e9883a11f04cd682f:toolchain/bin/bd-proxy:generic-api-key:56	2c1e4dd9ab851d6f00f5380e9883a11f04cd682f	toolchain/bin/bd-proxy	generic-api-key	FIXTURE	fixture value: sequence/repeat filler make up the value; 3 other chars of 26
2c1e4dd9ab851d6f00f5380e9883a11f04cd682f:toolchain/bin/bd-redaction-compiler:generic-api-key:44	2c1e4dd9ab851d6f00f5380e9883a11f04cd682f	toolchain/bin/bd-redaction-compiler	generic-api-key	FIXTURE	fixture value: sequence/repeat filler make up the value; 0 other chars of 16
2c1e4dd9ab851d6f00f5380e9883a11f04cd682f:tools/audit/witnesses/cap01_witnesses.py:jwt:66	2c1e4dd9ab851d6f00f5380e9883a11f04cd682f	tools/audit/witnesses/cap01_witnesses.py	jwt	FIXTURE	jwt HS256 signature segment is 19 chars; a real HS256 MAC is 43 -> cannot verify, never issued
2c1e4dd9ab851d6f00f5380e9883a11f04cd682f:toolchain/bin/bd-opv:generic-api-key:835	2c1e4dd9ab851d6f00f5380e9883a11f04cd682f	toolchain/bin/bd-opv	generic-api-key	FIXTURE	reviewed (KNOWN): webpush auth of a subscription on reserved push.example.test (RFC 6761); never issued
2c1e4dd9ab851d6f00f5380e9883a11f04cd682f:toolchain/bin/bd-opv:generic-api-key:875	2c1e4dd9ab851d6f00f5380e9883a11f04cd682f	toolchain/bin/bd-opv	generic-api-key	FIXTURE	reviewed (KNOWN): QR round-trip literal, 17 chars; issued pairing tokens are token_urlsafe(12) = 16 chars, in-memory, TTL-expired
2c1e4dd9ab851d6f00f5380e9883a11f04cd682f:toolchain/bin/bd-opv:generic-api-key:926	2c1e4dd9ab851d6f00f5380e9883a11f04cd682f	toolchain/bin/bd-opv	generic-api-key	NONSECRET	reviewed (KNOWN): reCAPTCHA site key (data-sitekey): public by design, served in page HTML; the secret key is not in the repo; not a credential
